{"packages/cupertino_icons/assets/CupertinoIcons.ttf":["packages/cupertino_icons/assets/CupertinoIcons.ttf"],"fonts/Goldplay%20Bold.ttf":["fonts/Goldplay%20Bold.ttf"],"fonts/Goldplay%20SemiBold.ttf":["fonts/Goldplay%20SemiBold.ttf"],"images/Map_loading.png":["images/Map_loading.png"],"images/Rendezvous_logo.png":["images/Rendezvous_logo.png"],"images/anonymous.png":["images/anonymous.png"],"images/backgroundArt.jpg":["images/backgroundArt.jpg"],"assets/map_style.txt":["assets/map_style.txt"],"images/person_android.png":["images/person_android.png"],"images/person_ios.png":["images/person_ios.png"],"images/yelp_icon.png":["images/yelp_icon.png"]}